code,system
1Z1c.00,readv2
1Z1d.00,readv2
1Z1N.00,readv2
1Z1Z.00,readv2
1Z1a.00,readv2
1Z1V.00,readv2
1Z1Y.00,readv2
1Z1M.00,readv2
1Z1X.00,readv2
1Z1W.00,readv2
1Z1e.00,readv2
1Z1P.00,readv2
1Z1b.00,readv2
1Z1Q.00,readv2
1Z1f.00,readv2
1Z1T.00,readv2
1Z1S.00,readv2
1Z1R.00,readv2
1Z1F.11,readv2
1Z1J.11,readv2
1Z19.11,readv2
1Z17.00,readv2
1Z1D.00,readv2
1Z1A.11,readv2
1Z1L.00,readv2
1Z1G.00,readv2
1Z1H.00,readv2
1Z1B.11,readv2
1Z1J.00,readv2
1Z1B.00,readv2
1Z18.11,readv2
1Z1C.11,readv2
1Z1E.11,readv2
1Z1H.11,readv2
1Z1K.00,readv2
1Z1A.00,readv2
1Z1K.11,readv2
1Z1C.00,readv2
1Z1D.11,readv2
1Z19.00,readv2
1Z1F.00,readv2
1Z17.11,readv2
1Z18.00,readv2
1Z1E.00,readv2
1Z1L.11,readv2
1Z1G.11,readv2
K054.00,readv2
K051.00,readv2
1Z16.00,readv2
K053.00,readv2
1Z15.00,readv2
1Z14.00,readv2
K052.00,readv2
1Z10.00,readv2
1Z12.00,readv2
1Z11.00,readv2
1Z13.00,readv2
K055.00,readv2